{
  "$schema": "./node_modules/nx/schemas/nx-schema.json",
  "npmScope": "medclub-workspace",
  "affected": {
    "defaultBase": "master"
  },
  "tasksRunnerOptions": {
    "default": {
      "runner": "@nrwl/nx-cloud",
      "options": {
        "cacheableOperations": ["build", "lint", "test", "e2e"],
        "accessToken": "ZDI0NjM1ZjYtZjE3MC00ZTk2LTk2NzItN2YzZjU4YTMwNTJmfHJlYWQtd3JpdGU="
      }
    }
  },
  "targetDefaults": {
    "build": {
      "dependsOn": ["^build"],
      "inputs": ["production", "^production"]
    },
    "test": {
      "inputs": ["default", "^production", "{workspaceRoot}/jest.preset.js"]
    },
    "lint": {
      "inputs": ["default", "{workspaceRoot}/.eslintrc.json"]
    },
    "e2e": {
      "inputs": ["default", "^production"]
    }
  },
  "namedInputs": {
    "default": ["{projectRoot}/**/*", "sharedGlobals"],
    "production": [
      "default",
      "!{projectRoot}/**/?(*.)+(spec|test).[jt]s?(x)?(.snap)",
      "!{projectRoot}/tsconfig.spec.json",
      "!{projectRoot}/jest.config.[jt]s",
      "!{projectRoot}/.eslintrc.json"
    ],
    "sharedGlobals": ["{workspaceRoot}/babel.config.json"]
  },
  "defaultProject": "teste-mc-api",
  "generators": {
    "@nrwl/react": {
      "application": {
        "style": "css",
        "linter": "eslint",
        "babel": true
      },
      "component": {
        "style": "css"
      },
      "library": {
        "style": "css",
        "linter": "eslint"
      }
    }
  }
}
